Field_ID,Nitrogen_N,Phosphorus_P,Potassium_K,Temperature_C,Humidity_%,Soil_pH,Rainfall_mm,Soil_Moisture_%,Recommended_Crop
F001,49,32,34,29.3,62.0,6.19,79.4,23.5,Groundnut
F002,50,18,22,32.1,30.5,6.95,81.6,32.7,Millet
F003,50,15,26,31.1,30.2,5.53,66.2,44.0,Millet
F004,45,29,28,25.9,45.5,6.07,89.2,48.0,Millet
F005,106,58,56,24.1,83.8,6.84,158.5,21.0,Sugarcane
F006,79,44,36,19.9,66.7,6.26,83.5,30.9,Wheat
F007,51,30,34,28.9,40.8,7.52,82.5,43.7,Cotton
F008,63,40,39,22.2,44.9,6.08,76.3,43.3,Cotton
F009,83,42,38,15.9,53.3,6.02,85.4,43.7,Wheat
F010,53,29,25,27.0,47.8,6.69,70.3,75.6,Millet
F011,87,36,38,20.1,56.6,6.1,78.7,39.5,Wheat
F012,109,37,35,22.6,74.4,6.99,130.5,34.2,Maize
F013,46,28,34,24.3,55.5,6.11,92.2,58.2,Soybean
F014,81,28,29,24.5,50.3,7.36,71.4,24.6,Cotton
F015,91,36,44,27.7,67.7,7.02,136.3,31.2,Maize
F016,69,30,26,29.1,60.4,6.65,90.0,41.2,Soybean
F017,108,40,42,24.4,64.7,6.77,98.9,34.6,Maize
F018,101,43,54,22.4,74.4,7.15,97.6,49.8,Maize
F019,116,56,56,24.7,89.5,6.12,155.0,40.7,Rice
F020,98,41,51,26.5,81.1,6.39,162.1,42.2,Rice
F021,117,44,59,31.8,78.0,6.72,269.8,29.0,Rice
F022,75,50,37,25.1,68.6,5.82,115.8,33.6,Maize
F023,36,18,23,31.9,39.7,6.91,46.9,40.5,Millet
F024,102,49,42,24.3,73.5,6.97,227.5,35.6,Rice
F025,91,44,44,30.8,73.8,5.92,255.1,70.8,Rice
F026,73,25,44,22.2,44.0,7.62,90.3,20.6,Cotton
F027,64,22,37,21.6,66.0,6.69,135.6,33.5,Soybean
F028,83,40,53,25.3,84.9,6.47,277.4,59.5,Rice
F029,91,58,53,27.9,89.6,6.23,285.9,46.1,Rice
F030,129,50,77,30.7,82.3,6.35,169.9,54.3,Sugarcane
F031,46,15,26,34.4,53.8,6.87,58.5,20.9,Millet
F032,46,28,19,30.7,54.5,5.61,55.3,31.5,Millet
F033,82,57,49,31.4,83.9,6.36,164.6,56.9,Rice
F034,62,21,29,28.8,69.8,6.7,139.2,41.6,Soybean
F035,125,52,67,32.7,83.3,6.77,170.2,67.9,Sugarcane
F036,87,53,55,22.5,87.7,5.54,236.8,46.3,Rice
F037,51,22,28,23.6,69.6,7.01,121.6,35.0,Groundnut
F038,65,44,40,13.7,60.4,7.15,72.9,57.4,Wheat
F039,55,37,44,26.8,57.5,6.25,66.6,78.2,Cotton
F040,89,48,46,17.2,58.7,7.12,75.1,31.1,Wheat
F041,62,28,31,24.1,58.5,6.16,107.5,53.0,Soybean
F042,54,22,27,27.8,53.9,6.61,67.7,56.7,Millet
F043,32,31,29,25.6,65.2,6.02,77.0,22.8,Groundnut
F044,109,53,59,23.8,70.3,6.65,271.0,40.8,Rice
F045,69,24,29,29.5,72.7,6.26,91.1,76.0,Soybean
F046,30,22,19,31.8,45.4,6.92,87.2,72.0,Millet
F047,49,22,26,28.9,46.1,6.19,67.3,76.5,Millet
F048,70,35,42,28.9,58.9,5.9,87.1,21.1,Maize
F049,104,51,42,22.6,68.6,6.28,98.2,49.8,Maize
F050,70,33,33,14.3,65.0,7.21,119.4,44.8,Wheat
F051,98,34,41,17.6,65.0,7.13,66.2,74.2,Wheat
F052,59,35,32,29.0,62.8,6.01,153.4,25.5,Soybean
F053,57,33,34,31.5,61.5,6.76,96.9,37.6,Groundnut
F054,100,43,55,29.9,71.8,6.24,158.6,53.0,Rice
F055,134,60,60,25.2,67.9,7.14,181.8,26.1,Sugarcane
F056,43,32,27,22.7,66.4,6.85,74.9,25.1,Groundnut
F057,77,50,47,22.4,71.3,7.13,149.0,65.2,Maize
F058,67,38,31,25.6,63.5,6.91,97.8,49.6,Soybean
F059,127,69,77,31.7,81.5,7.12,188.1,34.3,Sugarcane
F060,104,40,45,26.4,86.0,6.97,233.4,39.4,Rice
F061,51,19,25,34.2,36.3,6.54,43.8,30.0,Millet
F062,93,54,40,28.3,81.7,6.85,156.8,36.9,Rice
F063,45,22,20,29.6,45.5,5.92,49.4,47.8,Millet
F064,87,34,38,15.4,59.1,6.05,76.8,44.7,Wheat
F065,127,65,78,25.3,66.5,7.41,161.7,54.9,Sugarcane
F066,81,49,57,27.5,73.3,6.12,266.6,48.8,Rice
F067,46,30,24,29.5,57.9,6.99,104.1,23.8,Groundnut
F068,114,40,55,22.8,83.8,6.3,262.5,74.8,Rice
F069,34,24,24,29.6,57.6,6.29,82.3,35.1,Groundnut
F070,112,53,79,32.8,80.1,6.07,146.9,21.3,Sugarcane
F071,93,32,47,23.1,61.0,6.84,112.6,44.2,Wheat
F072,44,21,29,32.8,46.0,6.71,85.2,57.0,Millet
F073,97,47,31,20.3,61.1,6.14,103.6,52.8,Wheat
F074,103,54,49,30.6,89.0,5.72,289.0,49.5,Rice
F075,69,29,26,29.7,48.7,6.38,89.0,40.5,Cotton
F076,54,26,26,27.8,58.0,6.84,80.8,61.8,Groundnut
F077,82,42,57,28.0,74.5,6.73,201.8,40.9,Rice
F078,60,25,20,25.3,62.1,6.89,99.0,39.8,Soybean
F079,78,49,49,24.1,58.1,6.33,80.2,72.1,Maize
F080,46,17,27,34.9,43.4,6.89,51.8,65.6,Millet
F081,63,21,32,20.6,58.0,6.13,138.1,70.7,Soybean
F082,87,40,37,22.8,57.1,6.83,92.8,53.8,Maize
F083,118,51,56,25.4,79.5,6.03,247.3,48.8,Rice
F084,71,26,39,31.4,50.8,6.23,74.2,41.8,Cotton
F085,93,42,35,19.9,54.7,6.15,69.2,34.8,Wheat
F086,79,35,33,22.1,53.1,6.74,109.1,26.7,Cotton
F087,79,40,33,12.1,69.5,6.74,103.4,69.3,Wheat
F088,74,40,37,18.2,66.8,6.31,118.1,62.7,Wheat
F089,82,44,41,28.4,57.7,7.38,64.4,50.4,Cotton
F090,33,32,30,27.9,57.4,6.55,102.9,52.9,Groundnut
F091,72,37,31,13.1,52.8,6.0,67.0,48.4,Wheat
F092,62,22,36,28.5,69.9,6.41,155.3,79.5,Soybean
F093,71,32,32,24.0,64.4,6.07,106.9,69.7,Wheat
F094,113,52,70,25.9,69.7,6.95,210.8,39.0,Sugarcane
F095,84,47,37,17.9,64.3,7.35,97.4,52.4,Wheat
F096,44,20,28,25.6,57.8,6.64,74.0,33.7,Groundnut
F097,48,25,25,25.3,64.6,6.83,80.0,72.7,Groundnut
F098,109,46,43,32.0,85.0,6.56,266.8,28.6,Rice
F099,71,26,34,27.9,58.9,6.19,86.8,42.7,Cotton
F100,123,69,73,29.0,75.8,6.73,160.9,66.3,Sugarcane
F101,100,53,53,24.8,69.3,6.64,137.9,77.5,Maize
F102,35,20,22,29.2,37.2,6.42,85.6,28.3,Millet
F103,84,30,44,21.4,61.9,6.15,115.1,67.4,Wheat
F104,107,59,66,29.8,77.1,6.64,193.6,76.1,Sugarcane
F105,50,20,33,22.4,58.3,6.19,148.6,39.9,Soybean
F106,62,38,27,26.1,62.6,6.74,104.4,67.3,Soybean
F107,94,49,40,24.0,59.3,6.72,115.1,55.2,Wheat
F108,93,41,54,23.0,73.3,6.31,120.6,57.9,Maize
F109,70,41,31,34.7,51.5,7.0,103.0,52.1,Cotton
F110,46,21,15,28.1,39.9,6.14,80.0,41.0,Millet
F111,68,36,32,23.8,71.7,6.59,110.6,62.8,Soybean
F112,61,46,47,18.5,65.3,6.15,80.1,24.5,Wheat
F113,101,44,44,28.8,65.5,6.92,148.5,70.4,Maize
F114,58,27,20,27.5,55.1,6.24,100.3,55.7,Groundnut
F115,116,42,58,28.5,74.8,5.65,186.5,63.3,Rice
F116,43,25,18,34.4,33.5,6.11,56.2,25.2,Millet
F117,66,30,48,13.6,67.5,6.96,102.2,74.6,Wheat
F118,119,60,59,32.3,72.3,6.05,203.1,40.7,Sugarcane
F119,38,16,19,27.9,53.7,6.65,47.0,72.1,Millet
F120,43,21,15,29.8,42.8,6.61,74.9,44.2,Millet
F121,101,50,53,31.8,80.5,5.76,190.8,21.1,Rice
F122,80,39,33,18.5,51.3,6.61,89.8,63.2,Wheat
F123,121,55,76,30.0,77.0,7.0,137.5,74.9,Sugarcane
F124,80,43,31,14.2,64.8,6.12,96.2,34.7,Wheat
F125,110,57,60,27.6,79.4,6.45,176.6,48.6,Sugarcane
F126,53,25,25,29.3,54.3,6.04,85.7,55.7,Groundnut
F127,86,47,45,22.0,70.4,5.95,85.3,63.7,Maize
F128,119,49,46,22.8,71.6,5.5,295.2,20.3,Rice
F129,68,29,36,32.3,64.1,7.42,94.5,51.3,Cotton
F130,65,43,32,29.9,59.0,7.3,91.9,78.8,Cotton
F131,84,41,44,21.0,51.0,7.0,62.6,55.3,Wheat
F132,102,46,53,23.2,84.6,5.79,167.3,45.3,Rice
F133,117,69,56,28.6,75.4,6.97,185.0,41.9,Sugarcane
F134,83,27,29,28.4,51.0,6.73,88.6,68.2,Cotton
F135,78,37,42,28.3,50.7,7.58,80.9,47.7,Cotton
F136,89,42,42,17.0,68.7,6.11,60.6,23.2,Wheat
F137,108,51,55,30.7,89.7,6.65,212.7,45.3,Rice
F138,100,66,52,28.7,70.9,7.28,191.6,55.3,Sugarcane
F139,30,19,28,25.5,32.7,6.09,46.2,77.4,Millet
F140,136,60,77,28.2,82.6,7.42,166.7,56.8,Sugarcane
F141,86,59,43,24.3,88.9,6.47,241.2,50.8,Rice
F142,93,38,46,24.4,66.5,7.2,97.8,33.0,Wheat
F143,114,59,56,23.7,77.9,6.64,254.4,29.2,Rice
F144,32,20,27,27.2,43.4,6.39,69.0,25.5,Millet
F145,82,48,42,31.6,87.2,6.71,248.3,53.1,Rice
F146,103,49,40,21.1,69.5,6.49,85.7,33.2,Maize
F147,127,54,62,32.5,74.9,6.72,179.2,69.5,Sugarcane
F148,37,16,22,30.7,36.7,6.82,79.9,59.5,Millet
F149,92,50,52,29.0,83.6,6.43,262.9,29.5,Rice
F150,100,44,44,27.8,59.6,7.07,80.1,53.4,Maize
